insert into jhi_authority(name) values('ROLE_ADMIN');
insert into jhi_authority(name) values('ROLE_USER');
insert into jhi_user(id,login,password_hash,first_name,last_name,email,image_url,activated,lang_key,created_by,last_modified_by) values(101,'system','$2a$10$mE.qmcV0mFU5NcKh73TZx.z4ueI/.bDWbj0T1BYyqP481kGGarKLG','System','System','system@localhost','','true','tr','system','system');
insert into jhi_user(id,login,password_hash,first_name,last_name,email,image_url,activated,lang_key,created_by,last_modified_by) values(102,'anonymoususer','$2a$10$j8S5d7Sr7.8VTOYNviDPOeWX8KcYILUVJBsYV83Y5NtECayypx9lO','Anonymous','User','anonymous@localhost','','true','tr','system','system');
insert into jhi_user(id,login,password_hash,first_name,last_name,email,image_url,activated,lang_key,created_by,last_modified_by) values(103,'admin','$2a$10$gSAhZrxMllrbgj/kkK9UceBPpChGWJA7SYIb1Mqo.n5aNLq1/oRrC','Administrator','Administrator','admin@localhost','','true','tr','system','system');
insert into jhi_user(id,login,password_hash,first_name,last_name,email,image_url,activated,lang_key,created_by,last_modified_by) values(104,'user','$2a$10$VEjxo0jq2YG9Rbk2HmX9S.k1uZBGYUHdUcid3g/vfiEl7lwWgOH/K','User','User','user@localhost','','true','tr','system','system');
insert into JHI_USER_AUTHORITY(user_id, authority_name) values (101,'ROLE_ADMIN');
insert into JHI_USER_AUTHORITY(user_id, authority_name) values (101,'ROLE_USER');
insert into JHI_USER_AUTHORITY(user_id, authority_name) values (103,'ROLE_ADMIN');
insert into JHI_USER_AUTHORITY(user_id, authority_name) values (103,'ROLE_USER');
insert into JHI_USER_AUTHORITY(user_id, authority_name) values (104,'ROLE_USER');
